degree,forename
759,Drahomíra
10807,Jaroslav
8314,Hana
556,Květa
7040,Anna
234,Vera
1319,Adéla
7938,Kateřina
19202,Jana
1386,Renáta
6623,Alena
16654,Jiří
10601,Marie
10050,Eva
14012,Pavel
11,PETRA
3907,Stanislav
105,Mariya
1391,Miloš
339,Dita
3346,Ludmila
1667,Ilona
7043,Martina
7044,Zdeněk
1224,Naděžda
7096,Michaela
2885,Denisa
10495,Miroslav
1292,Miluše
2790,Šárka
1633,Růžena
92,Lubica
6999,Monika
5129,Radek
1246,Vladimíra
3735,Zdeňka
8344,Milan
15924,Martin
1878,Božena
5113,Helena
8629,David
5081,Jaroslava
674,Jindřiška
110,Vilma
1414,Jaromír
1580,Miloslav
186,Jindra
1,Ing.Eva
5893,František
3096,Jiřina
3884,Dana
207,Naďa
229,Květuše
19874,Petr
4312,Vladimír
2127,Libor
11588,Josef
1563,Mária
1568,Luboš
125,Vanda
116,Táňa
3828,Markéta
60,Maryna
1092,Marcel
19196,Jan
525,Leona
2816,Simona
5360,Ivana
713,Danuše
2134,Romana
13275,Tomáš
7547,Jakub
4575,Marcela
7063,Roman
1628,Iva
2995,Pavlína
378,Radoslav
34,Tatana
1279,Stanislava
3285,Renata
1460,Kamila
11811,Michal
3016,Pavla
4473,Andrea
5,Máša
5521,Marek
2776,Gabriela
1684,Daniela
971,Miloslava
9306,Petra
2032,Blanka
233,Svatava
617,Kristina
322,Otakar
1474,Lubomír
52,Liběna
410,Zdena
1344,Milena
3242,Miroslava
2542,Robert
476,Vaclav
1612,Zdenka
981,Vendula
1668,Peter
4514,Iveta
1342,Žaneta
5231,Ladislav
2177,Aleš
1209,Oldřich
17,Luďka
162,Norbert
5528,Věra
3243,Jarmila
4731,Jitka
1,Artom
1470,Dušan
209,Zlatuše
9927,Lenka
29,tomáš
531,Emilie
3342,Dagmar
704,Štěpánka
2203,Vlasta
964,Ivo
2109,Radka
402,Ludvík
1610,Vlastimil
1084,Milada
6065,Václav
339,Bronislava
731,Alžběta
57,radek
9806,Lucie
2875,Irena
1264,Jindřich
137,Brigita
557,Bohuslav
4116,Tereza
921,Květoslava
3442,Kristýna
123,Mojmír
1687,Eliška
3889,Ondřej
9345,Lukáš
1589,Soňa
2151,Olga
666,Emil
10,Nadija
1853,Libuše
220,Beáta
49,Alenka
401,Anežka
203,Miriam
16,Dragan
179,Drahoslava
117,Emílie
473,Bohumila